Close,Volume,mom,mom1,mom2,mom3,ROC_5,ROC_10,ROC_15,ROC_20,EMA_10,EMA_20,EMA_50,EMA_200,DTB4WK,DTB3,DTB6,DGS5,DGS10,Oil,Gold,DAAA,DBAA,GBP,JPY,CAD,CNY,AAPL,AMZN,GE,JNJ,JPM,MSFT,WFC,XOM,FCHI,FTSE,GDAXI,DJI,HSI,IXIC,SSEC,S&P,RUT,TE1,TE2,TE3,TE5,TE6,DE1,DE2,DE4,DE5,DE6,CTB3M,CTB6M,CTB1Y,Name,AUD,Brent,CAC-F,copper-F,WIT-oil,DAX-F,DJI-F,EUR,FTSE-F,gold-F,HSI-F,KOSPI-F,NASDAQ-F,GAS-F,Nikkei-F,NZD,silver-F,RUSSELL-F,S&P-F,CHF,Dollar index-F,Dollar index,wheat-F,XAG,XAU
7272.529785,-0.161622365,-0.008639742,0.007531906,-0.002498899,-0.001506058,0.126107686,0.089591895,1.625861928,3.0829069,7260.23642,7188.516939,7068.946651,,0.15,0.13,0.19,1.23,2.5,-0.001716317,-0.002089269,4.57,5.6,,,,,-0.013733573,0.01092962,-0.015892481,-0.001295579,0.003607318,-0.019278057,-0.007042254,-0.00559645,-0.011451516,-0.006597633,-0.012417592,-0.007240303,,-0.011064001,,-0.008034933,-0.014485663,2.35,2.37,2.31,-0.02,0.04,1.03,3.1,5.41,5.47,5.45,0,-0.023809524,-0.023809524,NYA,-0.41,-0.56,-1.14,-0.68,-0.13,-1.05,-0.57,-0.8,-0.36,-0.05,1.28,0.04,-0.88,-1.84,-0.43,-0.79,-0.68,-0.99,-0.66,-0.22,0.45,0.46,-0.75,-0.9,-0.27
12220.33984,-0.022755481,-0.004867262,-0.002980474,-0.000469,-0.001382578,-1.327279798,-1.15296792,-0.942240339,-1.218005409,12316.25311,12325.47378,12240.79763,11801.12007,1.06,1.23,1.36,2.04,2.33,-0.007005569,0.005962655,3.6,4.28,0.002631186,-0.001611119,-0.000133473,-0.000451903,-0.013190114,-0.00892828,0.020111732,-0.002795892,0.009458261,-0.012730517,-0.005366414,-0.012524307,-0.002695863,-0.005637652,-0.004381819,-0.005903226,-0.010305587,-0.004698837,0.05,-0.005525676,-0.004873404,1.27,1.1,0.97,0.17,0.3,0.68,1.95,2.92,3.05,3.22,-0.007142857,0,-0.009708738,NYA,-0.56,-0.55,-0.27,-0.36,-0.66,-0.36,-0.48,-0.05,-0.45,-0.41,-0.99,-0.64,-0.43,-0.71,-1.74,0.03,-0.6,-0.46,-0.5,-0.11,0.01,-0.02,-2.04,-0.22,-0.11
